Full name,Mobile,Email,Enquiry date,Stage,Deal value
Aisha Khan,0502000000,,01/08/2026,New,
Omar Haddad,+971 50 200 0037,omar.haddad@example.com,04/08/2026,New,1000
Priya Menon,00971502000074,priya.menon@example.com,07/08/2026,New,1500
Karim Aziz,+971502000111,,10/08/2026,Contacted,2000
Lina Farah,0502000148,lina.farah@example.com,13/08/2026,Contacted,
Zoe Park,+971 50 200 0185,zoe.park@example.com,16/08/2026,Hot lead,3000
Tomas Weber,00971502000222,,19/08/2026,Proposal,3500
Mei Tanaka,+971502000259,mei.tanaka@example.com,22/08/2026,Won,4000
Ines Duarte,0502000296,ines.duarte@example.com,25/08/2026,Lost,
Kofi Mensah,+971 50 200 0333,,01/08/2026,New,500
Anya Petrova,00971502000370,anya.petrova@example.com,04/08/2026,New,1000
Hugo Silva,+971502000407,hugo.silva@example.com,07/08/2026,New,1500
Clara Jensen,0502000444,,10/08/2026,Contacted,
Jonas Berg,+971 50 200 0481,jonas.berg@example.com,13/08/2026,Contacted,2500
Rania Saleh,00971502000518,rania.saleh@example.com,16/08/2026,Qualified,3000
Leo Moreau,+971502000555,,19/08/2026,Proposal,3500
Sofia Rossi,0502000592,sofia.rossi@example.com,22/08/2026,Won,
Arjun Patel,+971 50 200 0629,arjun.patel@example.com,25/08/2026,Lost,4500
Nadia Karim,00971502000666,,01/08/2026,New,500
Felix Novak,+971502000703,felix.novak@example.com,04/08/2026,New,1000
Hana Sato,0502000740,hana.sato@example.com,07/09/2026,New,
Yusuf Demir,+971 50 200 0777,,10/09/2026,Contacted,2000
Elena Costa,00971502000814,elena.costa@example.com,13/09/2026,Contacted,2500
Ravi Iyer,+971502000851,ravi.iyer@example.com,16/09/2026,Qualified,3000
Maya Lopez,0502000888,,19/09/2026,Proposal,
Samir Nasser,+971 50 200 0925,samir.nasser@example.com,22/09/2026,Won,4000
Chloe Martin,00971502000962,chloe.martin@example.com,25/09/2026,Lost,4500
Daniel Cohen,+971502000999,,01/09/2026,New,500
Farah Ali,0502001036,farah.ali@example.com,04/09/2026,New,
Ibrahim Hassan,+971 50 200 1073,ibrahim.hassan@example.com,07/09/2026,New,1500
Julia Fischer,00971502001110,,10/09/2026,Contacted,2000
Kenji Mori,+971502001147,kenji.mori@example.com,13/09/2026,Contacted,2500
Layla Aoun,0502001184,layla.aoun@example.com,16/09/2026,Qualified,
Marco Bianchi,+971 50 200 1221,,19/09/2026,Proposal,3500
Noor Qureshi,00971502001258,noor.qureshi@example.com,22/09/2026,Won,4000
Oscar Lind,+971502001295,oscar.lind@example.com,25/09/2026,Lost,4500
Pia Keller,0502001332,,01/09/2026,New,
Quinn Reyes,+971 50 200 1369,quinn.reyes@example.com,04/09/2026,New,1000
Rosa Varga,00971502001406,rosa.varga@example.com,07/09/2026,New,1500
Sami Olsen,+971502001443,,10/09/2026,Contacted,2000
Aisha K,050 200 0000,aisha.khan@example.com,20/09/2026,Contacted,
,,,21/09/2026,New,
